;school;sex;age;address;famsize;Pstatus;Medu;Fedu;Mjob;Fjob;reason;guardian;traveltime;studytime;failures;schoolsup;famsup;paid_x;activities;nursery;higher;internet;romantic;famrel;freetime;goout;Dalc;Walc;health;absences_x;G1_x;G2_x;G3_x;paid_y;absences_y;G1_y;G2_y;G3_y
0;GP;F;18;U;GT3;A;4;4;at_home;teacher;course;mother;2;2;0;yes;no;no;no;yes;yes;no;no;4;3;4;1;1;3;4;0;11;11;no;6;5;6;6
1;GP;F;17;U;GT3;T;1;1;at_home;other;course;father;1;2;0;no;yes;no;no;no;yes;yes;no;5;3;3;1;1;3;2;9;11;11;no;4;5;5;6
2;GP;F;15;U;GT3;T;4;2;health;services;home;mother;1;3;0;no;yes;no;yes;yes;yes;yes;yes;3;2;2;1;1;5;0;14;14;14;yes;2;15;14;15
3;GP;F;16;U;GT3;T;3;3;other;other;home;father;1;2;0;no;yes;no;no;yes;yes;no;no;4;3;2;1;2;5;0;11;13;13;yes;4;6;10;10
4;GP;M;16;U;LE3;T;4;3;services;other;reputation;mother;1;2;0;no;yes;no;yes;yes;yes;yes;no;5;4;2;1;2;5;6;12;12;13;yes;10;15;15;15
5;GP;M;16;U;LE3;T;2;2;other;other;home;mother;1;2;0;no;no;no;no;yes;yes;yes;no;4;4;4;1;1;3;0;13;12;13;no;0;12;12;11
6;GP;F;17;U;GT3;A;4;4;other;teacher;home;mother;2;2;0;yes;yes;no;no;yes;yes;no;no;4;1;4;1;1;1;2;10;13;13;no;6;6;5;6
7;GP;M;15;U;LE3;A;3;2;services;other;home;mother;1;2;0;no;yes;no;no;yes;yes;yes;no;4;2;2;1;1;1;0;15;16;17;yes;0;16;18;19
8;GP;M;15;U;GT3;T;3;4;other;other;home;mother;1;2;0;no;yes;no;yes;yes;yes;yes;no;5;5;1;1;1;5;0;12;12;13;yes;0;14;15;15
9;GP;F;15;U;GT3;T;4;4;teacher;health;reputation;mother;1;2;0;no;yes;no;no;yes;yes;yes;no;3;3;3;1;2;2;2;14;14;14;yes;0;10;8;9
10;GP;F;15;U;GT3;T;2;1;services;other;reputation;father;3;3;0;no;yes;no;yes;yes;yes;yes;no;5;2;2;1;1;4;0;10;12;13;no;4;10;12;12
11;GP;M;15;U;LE3;T;4;4;health;services;course;father;1;1;0;no;yes;no;yes;yes;yes;yes;no;4;3;3;1;3;5;0;12;13;12;yes;2;14;14;14
12;GP;M;15;U;GT3;T;4;3;teacher;other;course;mother;2;2;0;no;yes;no;no;yes;yes;yes;no;5;4;3;1;2;3;0;12;12;13;yes;2;10;10;11
13;GP;M;15;U;GT3;A;2;2;other;other;home;other;1;3;0;no;yes;no;no;yes;yes;yes;yes;4;5;2;1;1;3;0;14;14;15;no;0;14;16;16
14;GP;F;16;U;GT3;T;4;4;health;other;home;mother;1;1;0;no;yes;no;no;yes;yes;yes;no;4;4;4;1;2;2;6;17;17;17;no;4;14;14;14
15;GP;F;16;U;GT3;T;4;4;services;services;reputation;mother;1;3;0;no;yes;no;yes;yes;yes;yes;no;3;2;3;1;2;2;10;13;13;14;yes;6;13;14;14
16;GP;F;16;U;GT3;T;3;3;other;other;reputation;mother;3;2;0;yes;yes;no;yes;yes;yes;no;no;5;3;2;1;1;4;2;13;14;14;no;4;8;10;10
17;GP;M;17;U;GT3;T;3;2;services;services;course;mother;1;1;3;no;yes;yes;yes;yes;yes;yes;no;5;5;5;2;4;5;2;8;8;7;no;16;6;5;5
18;GP;M;16;U;LE3;T;4;3;health;other;home;father;1;1;0;no;no;no;yes;yes;yes;yes;no;3;1;3;1;3;5;6;12;12;12;yes;4;8;10;10
19;GP;M;15;U;GT3;T;4;3;teacher;other;reputation;mother;1;2;0;no;no;no;no;yes;yes;yes;no;4;4;1;1;1;1;0;12;13;14;no;0;13;14;15
20;GP;M;15;U;GT3;T;4;4;health;health;other;father;1;1;0;no;yes;yes;no;yes;yes;yes;no;5;4;2;1;1;5;0;11;12;12;yes;0;12;15;15
21;GP;M;16;U;LE3;T;4;2;teacher;other;course;mother;1;2;0;no;no;no;yes;yes;yes;yes;no;4;5;1;1;3;5;0;12;13;14;no;2;15;15;16
22;GP;M;16;U;LE3;T;2;2;other;other;reputation;mother;2;2;0;no;yes;no;yes;yes;yes;yes;no;5;4;4;2;4;5;2;10;10;10;no;0;13;13;12
23;GP;F;15;R;GT3;T;2;4;services;health;course;mother;1;3;0;yes;yes;no;yes;yes;yes;yes;no;4;3;2;1;1;5;2;10;11;10;yes;2;10;9;8
24;GP;M;15;U;GT3;T;2;2;other;other;home;mother;1;1;0;no;yes;no;no;yes;yes;yes;no;4;2;2;1;2;5;8;11;12;12;yes;2;12;12;11
25;GP;M;15;U;GT3;T;4;2;health;services;other;mother;1;1;0;no;no;no;no;yes;yes;yes;no;2;2;4;2;4;1;0;11;11;11;yes;4;15;16;15
26;GP;M;16;U;LE3;A;3;4;services;other;home;mother;1;2;0;yes;yes;yes;yes;yes;yes;yes;no;5;3;3;1;1;5;2;12;12;13;no;4;11;11;11
27;GP;M;16;U;GT3;T;4;4;teacher;teacher;home;mother;1;2;0;no;yes;yes;yes;yes;yes;yes;yes;4;4;5;5;5;5;4;12;11;12;yes;16;10;12;11
28;GP;M;15;U;GT3;T;4;4;health;services;home;mother;1;2;0;no;yes;yes;no;no;yes;yes;no;5;4;2;3;4;5;0;10;11;11;yes;0;9;11;12
29;GP;M;15;U;GT3;T;4;4;services;services;reputation;mother;2;2;0;no;yes;no;yes;yes;yes;yes;no;4;3;1;1;1;5;2;15;15;15;no;0;17;16;17
30;GP;M;15;R;GT3;T;4;3;teacher;at_home;course;mother;1;2;0;no;yes;no;yes;yes;yes;yes;yes;4;5;2;1;1;5;0;13;14;15;no;0;17;16;16
31;GP;M;15;U;LE3;T;3;3;other;other;course;mother;1;2;0;no;no;no;yes;no;yes;yes;no;5;3;2;1;1;2;0;13;12;12;no;0;8;10;12
32;GP;M;16;U;GT3;T;3;2;other;other;home;mother;1;1;0;no;yes;no;no;no;yes;yes;no;5;4;3;1;1;5;4;12;12;12;yes;0;12;14;15
33;GP;F;15;U;GT3;T;2;3;other;other;other;father;2;1;0;no;yes;no;yes;yes;yes;no;no;3;5;1;1;1;5;4;11;11;11;no;0;8;7;6
34;GP;M;15;U;LE3;T;4;3;teacher;services;home;mother;1;3;0;no;yes;no;yes;yes;yes;yes;no;5;4;3;1;1;4;0;14;14;14;no;2;15;16;18
35;GP;M;16;R;GT3;A;4;4;other;teacher;reputation;mother;2;3;0;no;yes;no;yes;yes;yes;yes;yes;2;4;3;1;1;5;4;13;13;13;no;7;15;16;15
36;GP;F;15;R;GT3;T;3;4;services;health;course;mother;1;3;0;yes;yes;no;yes;yes;yes;yes;no;4;3;2;1;1;5;2;11;12;12;yes;2;12;12;11
37;GP;F;15;R;GT3;T;2;2;at_home;other;reputation;mother;1;1;0;yes;yes;no;yes;yes;yes;no;no;4;3;1;1;1;2;8;14;13;12;yes;8;14;13;13
38;GP;M;15;U;LE3;T;4;4;teacher;other;home;other;1;1;0;no;yes;no;no;no;yes;yes;yes;5;4;3;2;4;5;8;10;11;11;no;8;12;12;12
39;GP;M;15;U;GT3;T;4;4;services;teacher;course;father;1;2;0;no;yes;no;yes;yes;yes;yes;no;4;3;3;1;1;5;0;14;15;15;no;2;19;18;18
40;GP;M;15;U;GT3;T;2;2;services;services;course;father;1;1;0;yes;yes;no;no;yes;yes;yes;no;5;4;1;1;1;1;0;9;10;10;no;0;8;8;11
41;GP;F;16;U;LE3;T;2;2;other;at_home;course;father;2;2;1;yes;no;no;yes;yes;yes;yes;no;4;3;3;2;2;5;14;10;11;11;no;14;10;10;9
42;GP;F;15;U;LE3;A;4;3;other;other;course;mother;1;2;0;yes;yes;yes;yes;yes;yes;yes;yes;5;2;2;1;1;5;4;10;11;11;yes;8;8;8;6
43;GP;F;16;U;LE3;A;3;3;other;services;home;mother;1;2;0;no;yes;no;no;yes;yes;yes;no;2;3;5;1;4;3;6;13;12;13;no;12;11;12;11
44;GP;M;16;U;GT3;T;4;3;health;services;reputation;mother;1;4;0;no;no;no;yes;yes;yes;yes;no;4;2;2;1;1;2;2;17;17;17;no;4;19;19;20
45;GP;M;15;U;GT3;T;4;2;teacher;other;home;mother;1;2;0;no;yes;no;no;yes;yes;no;no;4;3;3;2;2;5;4;11;12;13;yes;2;15;15;14
46;GP;F;16;U;LE3;T;2;2;services;services;course;mother;3;2;0;no;yes;no;no;yes;yes;yes;no;4;3;3;2;3;4;0;14;13;13;yes;2;12;13;13
47;GP;F;15;U;LE3;T;4;2;health;other;other;mother;1;2;0;no;yes;no;no;yes;yes;yes;no;4;3;3;1;1;5;0;16;14;16;yes;2;11;13;13
48;GP;F;15;U;GT3;T;4;4;services;services;course;mother;1;1;0;yes;yes;no;no;yes;yes;yes;no;3;3;4;2;3;5;0;13;12;12;yes;0;8;10;11
49;GP;F;15;U;LE3;A;3;3;other;other;other;mother;1;1;0;no;no;no;no;yes;yes;yes;no;5;3;4;4;4;1;0;13;12;13;yes;6;10;13;13
50;GP;F;16;U;GT3;A;2;1;other;other;other;mother;1;2;0;no;no;no;yes;yes;yes;yes;yes;5;3;4;1;1;2;2;12;13;12;yes;8;8;9;10
51;GP;F;15;U;GT3;A;4;3;services;services;reputation;mother;1;2;0;no;yes;no;yes;yes;yes;yes;no;4;3;2;1;1;1;0;15;14;15;yes;0;14;15;15
52;GP;M;15;U;GT3;T;4;4;teacher;health;reputation;mother;1;2;0;no;yes;no;yes;yes;yes;no;no;3;2;2;1;1;5;8;15;15;16;no;4;14;15;15
53;GP;M;15;U;LE3;T;1;2;other;at_home;home;father;1;2;0;yes;yes;no;yes;yes;yes;yes;no;4;3;2;1;1;5;0;14;13;14;no;2;9;10;9
54;GP;F;16;U;GT3;T;4;2;services;other;course;mother;1;2;0;no;yes;yes;no;yes;yes;yes;no;4;2;3;1;1;5;2;16;15;16;no;2;15;16;16
55;GP;F;16;R;GT3;T;4;4;health;teacher;other;mother;1;2;0;no;yes;no;yes;yes;yes;no;no;2;4;4;2;3;4;0;17;16;16;no;6;10;11;11
56;GP;F;16;U;GT3;T;1;1;services;services;course;father;4;1;0;yes;yes;no;yes;no;yes;yes;yes;5;5;5;5;5;5;0;10;10;16;no;6;10;8;11
57;GP;F;16;U;LE3;T;1;2;other;services;reputation;father;1;2;0;yes;no;no;yes;yes;yes;yes;no;4;4;3;1;1;1;0;13;13;10;no;4;8;10;9
58;GP;F;16;U;GT3;T;4;3;teacher;health;home;mother;1;3;0;yes;yes;no;yes;yes;yes;yes;no;3;4;4;2;4;4;0;14;13;13;yes;2;10;9;9
59;GP;F;15;U;LE3;T;4;3;services;services;reputation;father;1;2;0;yes;no;no;yes;yes;yes;yes;yes;4;4;4;2;4;2;0;13;12;12;no;0;10;10;10
60;GP;F;16;U;LE3;T;4;3;teacher;services;course;mother;3;2;0;no;yes;no;yes;yes;yes;yes;no;5;4;3;1;2;1;2;16;15;16;no;2;16;15;15
61;GP;M;15;U;GT3;A;4;4;other;services;reputation;mother;1;4;0;no;yes;no;yes;no;yes;yes;yes;1;3;3;5;5;3;0;11;12;12;no;4;13;13;12
62;GP;F;16;U;GT3;T;3;1;services;other;course;mother;1;4;0;yes;yes;no;no;yes;yes;yes;no;4;3;3;1;2;5;0;10;9;10;yes;4;7;7;6
63;GP;F;15;R;LE3;T;2;2;health;services;reputation;mother;2;2;0;yes;yes;no;no;yes;yes;yes;no;4;1;3;1;3;4;0;11;10;11;yes;2;8;9;8
64;GP;F;15;R;LE3;T;3;1;other;other;reputation;father;2;4;0;no;yes;no;no;no;yes;yes;no;4;4;2;2;3;3;6;15;15;15;no;12;16;16;16
65;GP;M;16;U;GT3;T;3;1;other;other;reputation;father;2;4;0;no;yes;no;no;yes;yes;yes;no;4;3;2;1;1;5;2;13;11;11;yes;0;13;15;15
66;GP;M;15;U;GT3;T;4;2;other;other;course;mother;1;4;0;no;no;no;no;yes;yes;yes;no;3;3;3;1;1;3;0;11;9;10;no;0;10;10;10
67;GP;M;16;U;GT3;T;3;1;other;other;reputation;mother;1;1;0;no;no;no;yes;yes;yes;no;no;5;3;2;2;2;5;0;13;13;14;no;2;12;12;14
68;GP;F;16;U;GT3;T;3;3;other;services;home;mother;1;2;0;yes;yes;no;yes;yes;yes;yes;no;4;3;3;2;4;5;4;11;11;11;yes;54;11;12;11
69;GP;M;15;U;GT3;T;4;3;teacher;other;home;mother;1;2;0;no;yes;no;yes;yes;yes;yes;no;4;3;3;2;3;5;0;11;11;11;yes;6;9;9;10
70;GP;M;15;U;GT3;T;4;0;teacher;other;course;mother;2;4;0;no;no;no;yes;yes;yes;yes;no;3;4;3;1;1;1;0;12;11;11;no;8;11;11;10
71;GP;F;16;U;GT3;T;2;2;other;other;reputation;mother;1;4;0;no;no;no;no;yes;yes;yes;yes;5;2;3;1;3;3;1;13;13;13;yes;0;11;11;11
72;GP;M;17;U;GT3;T;2;1;other;other;home;mother;2;1;3;yes;yes;no;yes;yes;no;yes;no;4;5;1;1;1;3;0;9;9;10;no;2;8;8;10
73;GP;F;16;U;GT3;T;3;4;at_home;other;course;mother;1;2;0;no;yes;no;no;yes;yes;yes;no;2;4;3;1;2;3;14;12;11;11;no;12;5;5;5
74;GP;M;15;U;GT3;T;2;3;other;services;course;father;1;1;0;yes;yes;no;yes;no;yes;yes;yes;3;2;2;1;3;3;0;11;11;12;yes;2;10;12;12
75;GP;M;15;U;GT3;T;2;3;other;other;home;mother;1;3;0;yes;no;no;no;no;yes;yes;no;5;3;2;1;2;5;2;10;9;9;yes;4;11;10;11
76;GP;F;15;U;LE3;T;3;2;services;other;reputation;mother;1;2;0;no;yes;no;no;yes;yes;yes;no;4;4;4;1;1;5;4;12;11;11;yes;10;7;6;6
77;GP;M;15;U;LE3;T;2;2;services;services;home;mother;2;2;0;no;no;yes;yes;yes;yes;yes;no;5;3;3;1;3;4;2;13;12;13;yes;4;15;15;15
78;GP;F;15;U;GT3;T;1;1;other;other;home;father;1;2;0;no;yes;no;yes;no;yes;yes;no;4;3;2;2;3;4;2;13;12;12;no;2;9;10;10
79;GP;F;16;U;LE3;T;2;2;at_home;other;course;mother;1;2;0;no;yes;no;no;yes;yes;no;no;4;3;4;1;2;2;6;13;11;11;no;4;8;7;6
80;GP;F;15;U;GT3;T;4;2;other;other;reputation;mother;1;3;0;no;yes;no;yes;yes;yes;yes;no;5;3;3;1;3;1;4;15;15;15;no;4;13;14;14
81;GP;M;16;U;LE3;A;4;4;teacher;health;reputation;mother;1;2;0;no;yes;no;no;yes;yes;no;no;4;1;3;3;5;5;6;9;9;10;no;18;8;6;7
82;GP;F;16;U;GT3;T;3;3;other;other;home;mother;1;3;0;no;yes;no;no;yes;yes;yes;yes;4;3;3;1;3;4;2;9;11;11;yes;0;7;7;8
83;GP;F;15;U;GT3;T;4;3;services;other;reputation;mother;1;1;0;no;no;no;yes;yes;yes;yes;no;4;5;5;1;3;1;6;14;13;13;yes;4;16;17;18
84;GP;F;16;U;LE3;T;3;1;other;other;home;father;1;2;0;yes;yes;no;no;yes;yes;no;no;3;3;3;2;3;2;0;12;13;12;no;4;7;6;6
85;GP;F;16;U;GT3;T;4;2;teacher;services;home;mother;2;2;0;no;yes;no;yes;yes;yes;yes;no;5;3;3;1;1;1;2;13;14;14;yes;0;11;10;10
86;GP;M;15;U;LE3;T;2;2;services;health;reputation;mother;1;4;0;no;yes;no;yes;yes;yes;yes;no;4;3;4;1;1;4;2;11;12;12;no;6;11;13;14
87;GP;M;16;R;GT3;T;4;3;services;other;reputation;mother;2;1;0;yes;yes;yes;yes;no;yes;yes;no;3;3;3;1;1;4;6;9;11;11;no;2;11;15;15
88;GP;F;16;U;GT3;T;2;1;other;other;course;mother;1;2;0;no;yes;no;no;yes;yes;no;yes;4;3;5;1;1;5;0;13;12;12;yes;2;8;9;10
89;GP;F;16;U;GT3;T;4;4;other;other;reputation;mother;1;1;0;no;no;no;yes;no;yes;yes;no;5;3;4;1;2;1;4;12;13;13;no;6;11;14;14
90;GP;F;16;U;GT3;T;4;3;other;at_home;course;mother;1;3;0;yes;yes;no;no;yes;yes;yes;no;5;3;5;1;1;3;2;12;13;13;yes;0;7;9;8
91;GP;M;16;U;GT3;T;4;4;services;services;other;mother;1;1;0;yes;yes;no;yes;yes;yes;yes;no;4;5;5;5;5;4;12;9;9;8;yes;14;7;7;5
92;GP;M;16;U;GT3;T;4;4;services;teacher;other;father;1;3;0;no;yes;no;yes;yes;yes;yes;yes;4;4;3;1;1;4;0;16;16;16;no;0;16;17;17
93;GP;M;15;U;GT3;T;4;4;services;other;course;mother;1;1;0;no;yes;yes;yes;no;yes;yes;no;5;3;3;1;1;5;2;12;13;12;no;4;10;13;14
94;GP;F;15;U;GT3;T;3;2;services;other;home;mother;2;2;0;yes;yes;no;no;yes;yes;yes;no;4;3;5;1;1;2;16;11;10;10;yes;26;7;6;6
95;GP;M;15;U;GT3;A;3;4;services;other;course;mother;1;2;0;no;yes;no;yes;yes;yes;yes;no;5;4;4;1;1;1;0;16;16;16;yes;0;16;18;18
96;GP;F;15;U;GT3;A;3;3;other;health;reputation;father;1;4;0;yes;no;no;no;yes;yes;no;no;4;3;3;1;1;4;10;10;10;10;no;10;10;11;11
97;GP;F;15;U;GT3;T;2;2;other;other;course;mother;1;4;0;yes;yes;no;no;yes;yes;yes;no;5;1;2;1;1;3;4;10;10;10;yes;8;7;8;8
98;GP;M;16;U;GT3;T;3;3;services;other;home;father;1;3;0;no;yes;no;yes;yes;yes;yes;no;5;3;3;1;1;5;4;13;14;14;no;2;16;18;18
99;GP;M;15;R;GT3;T;4;4;other;other;home;father;4;4;0;no;yes;no;yes;yes;yes;yes;yes;1;3;5;3;5;1;8;12;10;11;yes;6;10;13;13
100;GP;F;16;U;LE3;T;4;4;health;health;other;mother;1;3;0;no;yes;no;yes;yes;yes;yes;yes;5;4;5;1;1;4;2;15;15;14;yes;4;14;15;16
101;GP;M;15;U;LE3;A;4;4;teacher;teacher;course;mother;1;1;0;no;no;no;yes;yes;yes;yes;no;5;5;3;1;1;4;4;13;14;14;no;6;18;19;19
102;GP;F;16;U;GT3;T;2;2;at_home;other;home;mother;1;2;1;yes;no;no;yes;yes;yes;yes;no;3;1;2;1;1;5;12;8;10;10;no;6;10;13;13
103;GP;M;15;U;LE3;T;4;2;teacher;other;course;mother;1;1;0;no;no;no;no;yes;yes;yes;no;3;5;2;1;1;3;10;18;17;18;no;10;18;19;19
104;GP;M;15;R;GT3;T;2;1;health;services;reputation;mother;1;2;0;no;no;no;yes;yes;yes;yes;yes;5;4;2;1;1;5;4;10;9;10;no;8;9;9;9
105;GP;M;16;U;GT3;T;4;4;teacher;teacher;course;father;1;2;0;no;yes;no;yes;yes;yes;yes;no;5;4;4;1;2;5;6;16;14;14;no;2;15;15;16
106;GP;M;15;U;GT3;T;4;4;other;teacher;reputation;father;2;2;0;no;yes;no;yes;yes;yes;no;no;4;4;3;1;1;2;4;16;15;16;no;2;11;13;14
107;GP;M;16;U;GT3;T;3;3;other;services;home;father;2;1;0;no;no;no;yes;yes;yes;yes;no;5;4;2;1;1;5;6;14;14;15;no;0;13;14;13
108;GP;M;17;R;GT3;T;1;3;other;other;course;father;3;2;1;no;yes;no;yes;yes;yes;yes;no;5;2;4;1;4;5;14;12;11;11;no;20;9;7;8
109;GP;M;15;U;GT3;T;3;4;other;other;reputation;father;1;1;0;no;no;no;no;yes;yes;yes;no;3;4;3;1;2;4;2;14;13;14;no;6;14;13;13
110;GP;F;15;U;GT3;T;1;2;at_home;services;course;mother;1;2;0;no;no;no;no;no;yes;yes;no;3;2;3;1;2;1;0;14;14;14;no;2;16;15;15
111;GP;M;15;U;GT3;T;2;2;services;services;home;father;1;4;0;no;yes;no;yes;yes;yes;yes;no;5;5;4;1;2;5;6;14;13;13;yes;6;16;14;15
112;GP;F;16;U;LE3;T;2;4;other;health;course;father;2;2;0;no;yes;no;yes;yes;yes;yes;yes;4;2;2;1;2;5;2;14;12;13;yes;2;13;13;13
113;GP;M;16;U;GT3;T;4;4;health;other;course;mother;1;1;0;no;yes;no;yes;yes;yes;yes;no;3;4;4;1;4;5;4;12;13;13;no;18;14;11;13
114;GP;F;16;U;GT3;T;2;2;other;other;home;mother;1;2;0;no;no;no;no;yes;yes;yes;yes;5;4;4;1;1;5;0;12;11;11;yes;0;8;7;8
115;GP;M;15;U;GT3;T;3;4;services;services;home;father;1;1;0;yes;no;no;no;yes;yes;yes;no;5;5;5;3;2;5;2;9;9;9;no;0;13;13;12
116;GP;F;15;U;LE3;A;3;4;other;other;home;mother;1;2;0;yes;no;no;yes;yes;yes;yes;yes;5;3;2;1;1;1;0;10;11;11;no;0;7;10;11
117;GP;M;16;R;GT3;T;4;4;teacher;teacher;course;mother;1;1;0;no;no;no;yes;yes;yes;yes;no;3;5;5;2;5;4;8;14;14;15;yes;8;18;18;18
118;GP;F;15;U;GT3;T;1;1;at_home;other;course;mother;3;1;0;no;yes;no;yes;no;yes;yes;yes;4;3;3;1;2;4;6;11;12;13;no;0;8;0;0
119;GP;F;17;U;LE3;T;2;2;other;other;course;father;1;1;0;no;yes;no;no;yes;yes;yes;yes;3;4;4;1;3;5;2;13;12;12;no;12;10;13;12
120;GP;F;16;U;GT3;A;3;4;services;other;course;father;1;1;0;no;no;no;no;yes;yes;yes;no;3;2;1;1;4;5;12;15;13;14;no;16;12;11;11
121;GP;M;15;R;GT3;T;3;4;at_home;teacher;course;mother;4;2;0;no;yes;no;no;yes;yes;no;yes;5;3;3;1;1;5;2;12;11;11;no;0;9;0;0
122;GP;F;15;U;GT3;T;4;4;services;at_home;course;mother;1;3;0;no;yes;no;yes;yes;yes;yes;yes;4;3;3;1;1;5;4;13;14;15;no;0;11;0;0
123;GP;M;17;R;GT3;T;3;4;at_home;other;course;mother;3;2;0;no;no;no;no;yes;yes;no;no;5;4;5;2;4;5;2;10;9;10;no;0;10;0;0
124;GP;F;15;U;GT3;T;4;4;teacher;teacher;course;mother;2;1;0;no;no;no;yes;yes;yes;yes;no;4;3;2;1;1;5;6;13;14;14;no;0;16;16;15
125;GP;M;15;U;GT3;T;4;3;teacher;services;course;father;2;4;0;yes;yes;no;no;yes;yes;yes;no;2;2;2;1;1;3;6;9;11;11;no;0;7;9;0
126;GP;F;15;U;GT3;T;4;4;teacher;services;course;mother;1;3;0;no;yes;no;yes;yes;yes;yes;no;4;2;2;1;1;5;2;13;13;13;yes;2;9;11;11
127;GP;F;16;U;LE3;T;1;1;at_home;at_home;course;mother;1;1;0;no;no;no;no;yes;yes;yes;no;3;4;4;3;3;1;4;10;11;11;no;2;14;14;13
128;GP;F;15;U;GT3;T;1;1;other;services;course;father;1;2;0;no;yes;no;no;yes;yes;yes;no;4;4;2;1;2;5;0;12;12;12;yes;0;8;11;11
129;GP;F;15;U;GT3;T;1;2;at_home;other;course;mother;1;2;0;no;yes;no;no;no;yes;yes;no;4;3;2;1;1;5;6;13;12;13;yes;2;10;11;11
130;GP;M;16;U;GT3;T;4;4;teacher;teacher;course;mother;1;1;0;no;yes;no;no;yes;no;yes;yes;3;3;2;2;1;5;16;9;9;8;no;0;7;6;0
131;GP;M;16;U;LE3;T;2;1;at_home;other;course;mother;1;1;1;no;no;no;yes;yes;yes;no;yes;4;4;4;3;5;5;6;9;10;10;no;6;12;13;14
132;GP;F;17;U;GT3;T;4;4;other;teacher;course;mother;1;1;0;yes;yes;no;no;yes;yes;no;yes;4;2;1;1;1;4;0;13;13;13;no;0;11;11;12
133;GP;M;15;R;GT3;T;2;3;at_home;services;course;mother;1;2;0;yes;no;yes;yes;yes;yes;no;no;4;4;4;1;1;1;0;7;8;8;yes;2;11;8;8
134;GP;F;18;R;GT3;T;1;1;at_home;other;course;mother;3;1;3;no;yes;no;yes;no;yes;no;no;5;2;5;1;5;4;6;11;10;11;no;6;9;8;10
135;GP;M;16;R;GT3;T;2;2;at_home;other;course;mother;3;1;0;no;no;no;no;no;yes;no;no;4;2;2;1;2;3;4;12;10;11;no;2;17;15;15
136;GP;M;16;U;GT3;T;3;3;other;services;course;father;1;2;1;no;yes;no;no;yes;yes;yes;yes;4;5;5;4;4;5;0;10;10;1;yes;4;10;12;12
137;GP;M;16;U;GT3;T;2;2;other;other;course;father;1;2;0;no;no;no;no;yes;no;yes;no;4;3;5;2;4;4;0;9;10;11;no;4;10;10;10
138;GP;F;16;U;GT3;T;4;2;health;services;home;father;1;2;0;no;no;no;no;yes;yes;yes;yes;4;2;3;1;1;3;0;17;17;18;yes;0;14;15;16
139;GP;F;16;U;GT3;T;2;2;other;other;home;mother;1;2;0;no;yes;no;no;no;yes;yes;no;5;1;5;1;1;4;0;12;12;13;yes;0;6;7;0
140;GP;F;16;U;GT3;T;4;4;health;health;reputation;mother;1;2;0;no;yes;no;no;yes;yes;yes;yes;4;4;2;1;1;3;0;16;16;17;yes;0;14;14;14
141;GP;M;16;U;GT3;T;1;0;other;other;reputation;mother;2;2;0;no;yes;no;yes;yes;yes;yes;yes;4;3;2;1;1;3;0;16;17;18;yes;2;13;15;16
142;GP;M;17;U;LE3;T;4;4;teacher;other;reputation;mother;1;2;0;no;yes;no;yes;yes;yes;yes;no;4;4;4;1;3;5;0;11;9;10;yes;0;13;11;10
143;GP;F;16;U;LE3;T;3;3;other;other;reputation;mother;2;2;0;no;yes;no;yes;yes;yes;yes;no;4;4;5;1;1;4;0;14;14;15;yes;4;10;11;9
144;GP;M;17;U;LE3;T;4;3;teacher;other;course;mother;2;2;0;no;no;no;yes;yes;yes;yes;no;4;4;4;4;4;4;0;10;11;11;yes;4;10;9;9
145;GP;F;16;U;GT3;T;2;2;services;other;reputation;mother;2;2;0;no;no;no;yes;no;yes;yes;no;3;4;4;1;4;5;0;13;12;14;yes;2;13;13;11
146;GP;M;17;U;GT3;T;3;3;other;other;reputation;father;1;2;0;no;no;no;yes;no;yes;yes;no;4;3;4;1;4;4;4;11;9;10;no;4;6;5;6
147;GP;M;16;R;GT3;T;4;2;teacher;services;other;mother;1;1;0;no;yes;no;yes;yes;yes;yes;yes;4;3;3;3;4;3;8;10;9;11;no;10;10;8;9
148;GP;M;17;U;GT3;T;4;3;other;other;course;mother;1;2;0;no;yes;yes;yes;yes;yes;yes;yes;5;2;3;1;1;2;4;11;11;13;no;4;10;10;11
149;GP;M;16;U;GT3;T;4;3;teacher;other;home;mother;1;2;0;no;yes;yes;yes;yes;yes;yes;no;3;4;3;2;3;3;4;11;10;11;yes;10;9;8;8
150;GP;M;16;U;GT3;T;3;3;services;other;home;mother;1;2;0;no;no;no;yes;yes;yes;yes;yes;4;2;3;1;2;3;0;11;12;13;yes;2;12;13;12
151;GP;F;17;U;GT3;T;2;4;services;services;reputation;father;1;2;0;no;yes;no;yes;yes;yes;no;no;5;4;2;2;3;5;0;17;18;17;no;0;16;17;17
152;GP;F;17;U;LE3;T;3;3;other;other;reputation;mother;1;2;0;no;yes;no;yes;yes;yes;yes;yes;5;3;3;2;3;1;32;14;13;14;no;56;9;9;8
153;GP;F;16;U;GT3;T;3;2;other;other;reputation;mother;1;2;0;no;yes;no;no;yes;yes;yes;no;1;2;2;1;2;1;8;14;15;16;yes;14;12;13;12
154;GP;M;17;U;GT3;T;3;3;services;services;other;mother;1;2;0;no;yes;no;yes;yes;yes;yes;yes;4;3;4;2;3;4;6;11;13;14;no;12;12;12;11
155;GP;M;16;U;GT3;T;1;2;services;services;other;mother;1;1;0;no;yes;no;yes;yes;yes;yes;yes;3;3;3;1;2;3;0;10;9;11;yes;2;11;12;11
156;GP;M;16;U;LE3;T;2;1;other;other;course;mother;1;2;0;no;no;no;yes;yes;yes;yes;yes;4;2;3;1;2;5;0;13;14;16;yes;0;15;15;15
157;GP;F;17;U;GT3;A;3;3;health;other;reputation;mother;1;2;0;no;yes;no;no;no;yes;yes;yes;3;3;3;1;3;3;10;12;13;14;no;6;8;7;9
158;GP;M;17;R;GT3;T;1;2;at_home;other;home;mother;1;2;0;no;no;no;no;yes;yes;no;no;3;1;3;1;5;3;6;9;9;10;no;4;8;9;10
159;GP;F;16;U;GT3;T;2;3;services;services;course;mother;1;2;0;no;no;no;no;yes;yes;yes;no;4;3;3;1;1;2;6;12;12;13;no;10;11;12;13
160;GP;F;17;U;GT3;T;1;1;at_home;services;course;mother;1;2;0;no;no;no;yes;yes;yes;yes;no;5;3;3;1;1;3;0;12;11;12;no;0;8;8;9
161;GP;M;17;U;GT3;T;1;2;at_home;services;other;other;2;2;0;no;no;no;yes;no;yes;yes;no;4;4;4;4;5;5;16;10;11;12;yes;12;7;8;8
162;GP;M;16;R;GT3;T;3;3;services;services;reputation;mother;1;1;0;no;yes;no;yes;yes;yes;yes;no;4;3;2;3;4;5;0;11;10;10;no;8;8;9;10
163;GP;M;16;U;GT3;T;2;3;other;other;home;father;2;1;0;no;no;no;no;yes;yes;yes;no;5;3;3;1;1;3;0;13;12;12;no;0;13;14;14
164;GP;F;17;U;LE3;T;2;4;services;services;course;father;1;2;0;no;no;no;yes;yes;yes;yes;yes;4;3;2;1;1;5;8;14;15;16;no;0;14;15;15
165;GP;M;17;U;GT3;T;4;4;services;teacher;home;mother;1;1;0;no;no;no;no;yes;yes;yes;no;5;2;3;1;2;5;4;13;13;14;no;4;17;15;16
166;GP;M;16;R;LE3;T;3;3;teacher;other;home;father;3;1;0;no;yes;no;yes;yes;yes;yes;no;3;3;4;3;5;3;16;10;11;12;yes;8;9;9;10
167;GP;F;17;U;GT3;T;4;4;services;teacher;home;mother;2;1;1;no;yes;no;no;yes;yes;yes;no;4;2;4;2;3;2;30;14;15;16;no;24;18;18;18
168;GP;F;16;U;LE3;T;4;4;teacher;teacher;reputation;mother;1;2;0;no;yes;no;no;yes;yes;yes;no;4;5;2;1;2;3;0;11;10;11;yes;0;9;9;10
169;GP;F;16;U;GT3;T;4;3;health;other;home;mother;1;2;0;no;yes;no;yes;yes;yes;yes;no;4;3;5;1;5;2;2;14;14;15;no;2;16;16;16
170;GP;F;16;U;GT3;T;2;3;other;other;reputation;mother;1;2;0;yes;yes;no;yes;yes;yes;no;no;4;4;3;1;3;4;4;11;12;12;yes;6;8;10;10
171;GP;F;17;U;GT3;T;1;1;other;other;course;mother;1;2;0;no;yes;no;no;no;yes;no;no;4;4;4;1;3;1;0;14;15;15;yes;4;9;9;10
172;GP;F;17;R;GT3;T;2;2;other;other;reputation;mother;1;1;0;no;yes;no;no;yes;yes;yes;no;5;3;2;1;2;3;21;13;13;13;no;18;7;6;6
173;GP;F;16;R;GT3;T;2;2;services;services;reputation;mother;2;4;0;no;yes;no;yes;no;yes;yes;no;5;3;5;1;1;5;6;13;13;13;yes;6;10;10;11
174;GP;F;17;U;GT3;T;3;4;at_home;services;home;mother;1;3;1;no;yes;yes;no;yes;yes;yes;yes;4;4;3;3;4;5;14;8;9;8;yes;28;10;9;9
175;GP;F;16;U;GT3;T;4;3;teacher;other;other;mother;1;2;0;no;no;no;yes;yes;yes;yes;yes;1;3;2;1;1;1;4;14;15;15;yes;10;11;12;13
176;GP;F;16;U;GT3;T;1;1;at_home;other;home;mother;2;1;0;no;yes;no;no;yes;yes;no;no;4;3;2;1;4;5;2;12;13;13;yes;6;9;9;10
177;GP;F;17;R;GT3;T;4;3;teacher;other;reputation;mother;2;3;0;no;yes;no;yes;yes;yes;yes;yes;4;4;2;1;1;4;0;11;12;12;yes;6;7;7;7
178;GP;F;19;U;GT3;T;3;3;other;other;reputation;other;1;4;0;no;yes;no;yes;yes;yes;yes;no;4;3;3;1;2;3;4;12;12;12;yes;10;8;8;8
179;GP;M;17;U;LE3;T;4;4;services;other;home;mother;1;2;0;no;yes;no;no;yes;yes;yes;yes;5;3;5;4;5;3;15;13;12;12;yes;13;12;12;13
180;GP;F;16;U;GT3;A;2;2;other;other;reputation;mother;1;2;0;yes;yes;no;no;yes;yes;yes;no;3;3;4;1;1;4;0;13;13;13;yes;0;12;13;14
181;GP;F;17;R;LE3;T;4;4;services;other;other;mother;1;1;0;no;yes;no;no;yes;yes;no;no;5;2;1;1;2;3;6;12;11;11;yes;12;8;10;10
182;GP;F;17;U;LE3;T;3;2;other;other;reputation;mother;2;2;0;no;no;no;no;yes;yes;yes;no;4;4;4;1;3;1;2;14;16;15;yes;2;14;15;15
183;GP;F;17;U;GT3;T;2;3;at_home;other;home;father;2;1;0;no;yes;no;no;yes;yes;no;no;3;3;3;1;4;3;4;12;13;13;yes;3;7;7;8
184;GP;F;17;U;GT3;T;2;2;at_home;at_home;course;mother;1;3;0;no;yes;no;yes;yes;yes;yes;no;4;3;3;1;1;4;0;12;12;13;yes;4;9;10;10
185;GP;F;17;R;GT3;T;2;1;at_home;services;reputation;mother;2;2;0;no;yes;no;yes;yes;yes;yes;no;4;2;5;1;2;5;0;11;10;11;no;2;6;6;6
186;GP;F;16;U;GT3;T;2;3;services;teacher;other;mother;1;2;0;yes;no;no;no;yes;yes;yes;no;2;3;1;1;1;3;0;13;13;14;no;2;16;16;17
187;GP;F;16;U;GT3;T;4;4;teacher;services;home;mother;1;3;0;no;yes;no;yes;no;yes;yes;no;5;3;2;1;1;5;4;15;16;16;no;0;13;13;14
188;GP;F;17;U;GT3;T;3;2;other;other;course;mother;1;2;0;no;no;no;yes;no;yes;yes;no;5;3;4;1;3;3;2;17;18;17;no;10;16;15;15
189;GP;M;17;U;LE3;T;2;3;services;services;reputation;father;1;2;0;no;yes;no;no;no;yes;yes;no;5;3;3;1;3;3;0;10;11;11;yes;2;12;11;12
190;GP;M;18;U;LE3;T;2;1;at_home;other;course;mother;4;2;0;yes;yes;no;yes;yes;yes;yes;yes;4;3;2;4;5;3;2;9;10;11;yes;14;10;8;9
191;GP;F;17;U;GT3;A;2;1;other;other;course;mother;2;3;0;no;no;no;yes;yes;yes;yes;yes;3;2;3;1;2;3;0;15;15;16;no;10;12;10;12
192;GP;F;17;U;LE3;T;4;3;health;other;reputation;father;1;2;0;no;no;no;yes;yes;yes;yes;yes;3;2;3;1;2;3;0;14;12;12;no;14;13;13;14
193;GP;M;17;R;GT3;T;2;2;other;other;course;father;2;2;0;no;yes;no;yes;yes;yes;yes;no;4;5;2;1;1;1;0;12;13;13;yes;4;11;11;11
194;GP;M;17;U;GT3;T;4;4;teacher;teacher;reputation;mother;1;2;0;yes;yes;no;yes;yes;yes;yes;yes;4;5;5;1;3;2;0;13;13;13;no;14;11;9;9
195;GP;M;16;U;GT3;T;4;4;health;other;reputation;father;1;2;0;no;yes;no;yes;yes;yes;yes;no;4;2;4;2;4;1;0;13;13;14;yes;2;14;13;13
196;GP;M;16;U;LE3;T;1;1;other;other;home;mother;2;2;0;no;yes;no;no;yes;yes;yes;no;3;4;2;1;1;5;2;9;9;9;yes;18;9;7;6
197;GP;M;16;U;GT3;T;3;2;at_home;other;reputation;mother;2;3;0;no;no;no;yes;yes;yes;yes;yes;5;3;3;1;3;2;0;12;12;12;no;10;11;9;10
198;GP;M;17;U;LE3;T;2;2;other;other;home;father;1;2;0;no;no;no;yes;no;yes;yes;yes;4;4;2;5;5;4;0;16;16;16;yes;4;14;13;13
199;GP;F;16;U;GT3;T;2;1;other;other;home;mother;1;1;0;no;no;no;no;yes;yes;yes;yes;4;5;2;1;1;5;4;9;10;10;no;20;13;12;12
200;GP;F;17;R;GT3;T;2;1;at_home;services;course;mother;3;2;0;no;no;no;yes;yes;yes;no;no;2;1;1;1;1;3;2;13;13;13;no;2;13;11;11
201;GP;M;17;U;LE3;T;4;3;health;other;course;mother;2;2;0;no;no;no;yes;yes;yes;yes;yes;2;5;5;1;4;5;8;15;15;15;no;14;12;12;12
202;GP;M;17;R;LE3;A;4;4;teacher;other;course;mother;2;2;0;no;yes;no;no;yes;yes;yes;no;3;3;3;2;3;4;0;12;12;12;yes;2;10;11;12
203;GP;M;16;U;LE3;T;4;3;teacher;other;course;mother;1;1;0;no;no;no;yes;no;yes;yes;no;5;4;5;1;1;3;7;14;14;15;no;0;6;0;0
204;GP;M;16;U;GT3;T;4;4;services;services;course;mother;1;1;0;no;no;yes;yes;yes;yes;yes;no;5;3;2;1;2;5;4;14;15;15;no;0;13;12;12
205;GP;F;18;U;GT3;T;2;1;other;other;course;other;2;3;0;no;yes;no;no;no;yes;yes;yes;4;4;4;1;1;3;10;12;10;11;yes;0;7;0;0
206;GP;M;16;U;GT3;T;2;1;other;other;course;mother;3;1;0;no;no;no;no;yes;yes;yes;no;4;3;3;1;1;4;7;15;16;16;no;6;18;18;18
207;GP;M;17;U;GT3;T;2;3;other;other;course;father;2;1;0;no;no;no;no;yes;yes;yes;no;5;2;2;1;1;2;2;9;12;13;no;4;12;12;13
208;GP;M;22;U;GT3;T;3;1;services;services;other;mother;1;1;3;no;no;no;no;no;no;yes;yes;5;4;5;5;5;1;12;7;8;5;no;16;6;8;8
209;GP;M;16;U;GT3;T;0;2;other;other;other;mother;1;1;0;no;no;no;no;no;yes;yes;no;4;3;2;2;4;5;0;11;12;11;yes;0;13;15;15
210;GP;M;16;R;GT3;T;2;1;other;other;course;mother;2;1;0;no;no;no;yes;no;yes;no;no;3;3;2;1;3;3;2;14;13;12;no;0;8;9;8
211;GP;M;17;R;GT3;T;2;1;other;other;course;mother;1;1;0;no;no;no;no;no;yes;yes;no;4;4;2;2;4;5;0;12;12;13;no;0;8;12;12
212;GP;M;17;U;LE3;T;1;1;health;other;course;mother;2;1;1;no;yes;no;yes;yes;yes;yes;no;4;4;4;1;2;5;0;9;10;10;no;2;7;9;8
213;GP;F;17;U;LE3;T;4;2;teacher;services;reputation;mother;1;4;0;no;yes;no;yes;yes;yes;yes;no;4;2;3;1;1;4;2;14;15;17;yes;6;14;12;13
214;GP;M;19;U;LE3;A;4;3;services;at_home;reputation;mother;1;2;0;no;yes;no;no;yes;yes;yes;no;4;3;1;1;1;1;4;11;13;14;no;12;11;11;11
215;GP;M;18;U;GT3;T;2;1;other;other;home;mother;1;2;0;no;no;no;yes;yes;yes;yes;no;5;2;4;1;2;4;2;16;16;16;no;8;15;14;14
216;GP;F;17;U;LE3;T;2;2;services;services;course;father;1;4;0;no;no;no;yes;yes;yes;yes;yes;3;4;1;1;1;2;2;10;11;12;yes;0;10;9;0
217;GP;F;18;U;GT3;T;4;3;services;other;home;father;1;2;0;no;yes;no;no;yes;yes;yes;yes;3;1;2;1;3;2;2;15;15;15;yes;21;17;18;18
218;GP;M;18;U;GT3;T;4;3;teacher;other;course;mother;1;2;0;no;yes;no;no;no;yes;yes;no;4;3;2;1;1;3;2;10;10;11;yes;2;8;8;8
219;GP;M;18;R;GT3;T;3;2;other;other;course;mother;1;3;0;no;no;no;yes;no;yes;no;no;5;3;2;1;1;3;2;10;11;12;no;1;13;12;12
220;GP;F;17;U;GT3;T;3;3;other;other;home;mother;1;3;0;no;no;no;yes;no;yes;no;no;3;2;3;1;1;4;2;15;12;13;no;4;10;9;9
221;GP;F;18;U;GT3;T;2;2;at_home;services;home;mother;1;3;0;no;yes;no;yes;yes;yes;yes;yes;4;3;3;1;1;3;0;11;12;13;yes;0;9;10;0
222;GP;M;18;R;LE3;A;3;4;other;other;reputation;mother;2;2;0;no;yes;no;yes;yes;yes;yes;no;4;2;5;3;4;1;6;15;16;16;yes;13;17;17;17
223;GP;M;17;U;GT3;T;3;1;services;other;other;mother;1;2;0;no;no;no;yes;yes;yes;yes;yes;5;4;4;3;4;5;0;11;11;14;yes;2;9;9;10
224;GP;F;18;R;GT3;T;4;4;teacher;other;reputation;mother;2;2;0;no;no;no;yes;yes;yes;yes;no;4;3;4;2;2;4;8;10;11;12;yes;8;12;10;11
225;GP;M;18;U;GT3;T;4;2;health;other;reputation;father;1;2;0;no;yes;no;yes;yes;yes;yes;yes;5;4;5;1;3;5;4;10;12;14;yes;10;10;9;10
226;GP;F;18;R;GT3;T;2;1;other;other;reputation;mother;2;2;0;no;yes;no;no;yes;no;yes;yes;4;3;5;1;2;3;12;8;9;10;no;0;6;0;0
227;GP;F;18;U;GT3;T;2;3;other;services;reputation;father;1;4;0;no;yes;no;yes;yes;yes;yes;yes;4;5;5;1;3;2;10;16;16;16;yes;4;15;14;14
228;GP;F;18;U;LE3;T;1;1;other;other;home;mother;2;2;0;no;yes;no;no;no;yes;no;no;4;4;3;1;1;3;2;13;13;13;yes;2;11;11;11
229;GP;M;17;R;GT3;T;1;2;at_home;at_home;home;mother;1;2;0;no;yes;no;yes;no;yes;no;yes;3;5;2;2;2;1;2;16;17;18;yes;2;15;14;14
230;GP;F;17;U;GT3;T;2;4;at_home;health;reputation;mother;2;2;0;no;yes;no;no;yes;yes;yes;yes;4;3;3;1;1;1;6;15;16;16;yes;2;10;10;10
231;GP;F;17;U;LE3;T;2;2;services;other;course;mother;2;2;0;yes;yes;no;no;yes;yes;yes;yes;4;4;4;2;3;5;6;12;12;12;yes;6;12;12;12
232;GP;F;18;R;GT3;A;3;2;other;services;home;mother;2;2;0;no;no;no;no;no;no;yes;yes;4;1;1;1;1;5;15;12;9;10;no;75;10;9;9
233;GP;M;18;U;GT3;T;4;4;teacher;services;home;mother;2;1;0;no;no;no;yes;yes;yes;yes;no;3;2;4;1;4;3;6;11;12;12;yes;22;9;9;9
234;GP;F;18;U;GT3;T;4;4;health;health;reputation;father;1;2;1;yes;yes;no;yes;yes;yes;yes;yes;2;4;4;1;1;4;2;14;12;13;no;15;9;8;8
235;GP;M;18;U;LE3;T;4;3;teacher;services;course;mother;2;1;0;no;no;no;yes;yes;yes;yes;no;4;2;3;1;2;1;0;10;10;10;yes;8;10;11;10
236;GP;M;17;U;LE3;A;4;1;services;other;home;mother;2;1;0;no;no;no;yes;yes;yes;yes;yes;4;5;4;2;4;5;22;11;11;10;yes;30;8;8;8
237;GP;F;18;R;LE3;T;1;1;at_home;other;reputation;mother;2;4;0;no;yes;no;yes;yes;yes;no;no;5;2;2;1;1;3;2;17;17;18;yes;1;12;12;12
238;GP;F;18;U;GT3;T;1;1;other;other;home;mother;2;2;0;yes;no;no;yes;yes;yes;yes;no;5;4;4;1;1;4;0;12;13;13;no;4;8;9;10
239;GP;F;17;U;GT3;T;2;2;other;other;course;mother;1;2;0;no;yes;no;no;no;yes;yes;no;5;4;5;1;2;5;12;12;12;14;no;4;10;9;11
240;GP;M;17;U;GT3;T;1;1;other;other;reputation;father;1;2;0;no;no;no;no;no;yes;yes;no;4;3;3;1;2;4;0;12;12;12;yes;2;12;10;11
241;GP;F;18;U;GT3;T;2;2;at_home;at_home;other;mother;1;3;0;no;yes;no;no;yes;yes;yes;no;4;3;3;1;2;2;0;18;18;18;yes;5;18;18;19
242;GP;F;17;U;GT3;T;1;1;services;teacher;reputation;mother;1;3;0;no;yes;no;no;yes;yes;yes;no;4;3;3;1;1;3;0;13;13;14;yes;6;13;12;12
243;GP;M;18;U;GT3;T;2;1;services;services;reputation;mother;1;3;0;no;no;no;yes;yes;yes;yes;no;4;2;4;1;3;2;0;14;15;15;yes;6;15;14;14
244;GP;M;18;U;LE3;A;4;4;teacher;teacher;reputation;mother;1;2;0;no;yes;no;yes;yes;yes;yes;no;5;4;3;1;1;2;0;17;17;17;yes;9;15;13;15
245;GP;M;18;U;GT3;T;4;2;teacher;other;home;mother;1;2;0;no;yes;no;yes;yes;yes;yes;yes;4;3;2;1;4;5;2;15;16;16;yes;11;12;11;11
246;GP;F;17;U;GT3;T;4;3;health;services;reputation;mother;1;3;0;no;yes;no;no;yes;yes;yes;no;4;2;2;1;2;3;0;17;18;18;yes;0;15;15;15
247;GP;F;17;R;LE3;T;3;1;services;other;reputation;mother;2;4;0;no;yes;no;no;yes;yes;no;no;3;1;2;1;1;3;0;18;19;19;yes;6;18;18;18
248;GP;M;18;R;LE3;T;3;2;services;other;reputation;mother;2;3;0;no;yes;no;yes;yes;yes;yes;no;5;4;2;1;1;4;0;14;15;15;yes;8;14;13;14
249;GP;M;17;U;GT3;T;3;3;health;other;home;mother;1;1;0;no;yes;no;no;yes;yes;yes;no;4;4;3;1;3;5;0;14;15;15;yes;4;14;12;11
250;GP;F;19;U;GT3;T;4;4;health;other;reputation;other;2;2;0;no;yes;no;yes;yes;yes;yes;no;2;3;4;2;3;2;2;14;13;13;yes;0;10;9;0
251;GP;F;18;U;LE3;T;4;3;other;other;home;other;2;2;0;no;yes;no;no;yes;yes;yes;yes;4;4;5;1;2;2;0;13;14;14;yes;10;10;8;8
252;GP;F;18;U;GT3;T;4;3;other;other;reputation;father;1;4;0;no;yes;no;no;yes;yes;yes;no;4;3;3;1;1;3;0;16;17;17;yes;0;14;13;14
253;GP;M;18;U;LE3;T;4;4;teacher;teacher;home;mother;1;1;0;no;yes;no;no;yes;yes;yes;yes;1;4;2;2;2;1;0;18;18;17;yes;5;16;15;16
254;GP;F;18;U;LE3;A;4;4;health;other;home;mother;1;2;0;no;yes;yes;no;yes;yes;yes;yes;4;2;4;1;1;4;0;14;15;15;no;14;12;10;11
255;GP;M;17;U;LE3;T;4;4;other;teacher;home;father;2;1;0;no;no;no;no;yes;yes;yes;no;4;1;1;2;2;5;0;12;13;13;yes;0;11;11;10
256;GP;F;17;U;GT3;T;4;2;other;other;reputation;mother;2;3;0;no;yes;no;no;yes;yes;yes;no;4;3;3;1;1;3;0;16;16;16;yes;0;15;12;14
257;GP;F;17;U;GT3;T;3;2;health;health;reputation;father;1;4;0;no;yes;no;yes;no;yes;yes;no;5;2;2;1;2;5;0;18;18;18;yes;0;17;17;18
258;GP;F;18;U;GT3;T;2;1;services;other;course;mother;2;2;0;no;yes;no;yes;yes;yes;yes;no;5;3;3;1;2;1;2;12;12;15;yes;0;8;8;0
259;GP;F;18;U;GT3;T;4;3;other;other;course;mother;1;3;0;no;yes;no;yes;yes;yes;yes;yes;4;3;4;1;1;5;2;14;15;17;yes;9;9;10;9
260;GP;F;17;R;GT3;T;3;4;at_home;services;course;father;1;3;0;no;yes;no;yes;no;yes;yes;no;4;3;4;2;5;5;2;15;15;17;yes;0;11;11;10
261;GP;F;18;U;GT3;T;4;4;teacher;other;course;mother;1;2;0;no;yes;no;no;yes;yes;yes;no;4;4;4;3;3;5;0;12;11;13;yes;2;11;11;11
262;GP;F;17;U;GT3;A;4;3;services;services;course;mother;1;2;0;no;yes;no;no;yes;yes;yes;yes;5;2;2;1;2;5;14;15;14;17;yes;23;13;13;13
263;GP;F;17;U;GT3;T;2;2;other;other;course;mother;1;2;0;no;yes;no;no;yes;yes;no;yes;4;2;2;1;1;3;4;14;13;13;no;12;11;9;9
264;GP;F;17;R;LE3;T;2;2;services;services;course;mother;1;3;0;no;yes;no;yes;yes;yes;yes;no;3;3;2;2;2;3;0;11;11;10;yes;3;11;11;11
265;GP;F;17;U;GT3;T;3;1;services;services;course;father;1;3;0;no;yes;no;no;no;yes;yes;no;3;4;3;2;3;5;0;17;18;17;no;1;12;14;15
266;GP;F;17;U;LE3;T;0;2;at_home;at_home;home;father;2;3;0;no;no;no;no;yes;yes;yes;no;3;3;3;2;3;2;0;14;14;15;no;0;16;15;15
267;GP;M;18;U;GT3;T;4;4;other;other;course;mother;1;3;0;no;no;no;yes;yes;yes;yes;no;4;3;3;2;2;3;0;13;14;13;no;3;9;12;11
268;GP;M;17;U;GT3;T;3;3;other;services;reputation;mother;1;1;0;no;no;no;yes;no;yes;yes;no;4;3;5;3;5;5;0;17;18;17;no;3;14;15;16
269;GP;M;17;R;GT3;T;2;2;services;other;course;mother;4;1;0;no;yes;no;no;yes;yes;yes;no;4;4;5;5;5;4;2;11;10;10;no;8;11;10;10
270;GP;F;17;U;GT3;T;4;4;teacher;services;course;mother;1;3;0;no;yes;no;yes;yes;yes;yes;no;5;4;4;1;3;4;0;13;12;13;yes;7;10;9;9
271;GP;F;17;U;GT3;T;4;4;teacher;teacher;course;mother;2;3;0;no;yes;no;no;no;yes;yes;yes;4;3;3;1;2;4;4;15;14;15;yes;4;14;14;14
272;GP;M;18;U;LE3;T;2;2;other;other;course;mother;1;4;0;no;yes;yes;yes;yes;yes;yes;no;4;5;5;2;4;5;0;11;11;12;no;2;9;8;8
273;GP;F;17;R;GT3;T;2;4;at_home;other;course;father;1;3;0;no;yes;no;no;yes;yes;yes;yes;4;4;3;1;1;5;0;15;15;15;no;7;12;14;14
274;GP;F;18;U;GT3;T;3;3;services;services;home;mother;1;2;0;no;no;no;yes;yes;yes;yes;no;5;3;4;1;1;4;8;10;11;12;no;0;7;0;0
275;GP;F;18;U;LE3;T;2;2;other;other;home;other;1;2;0;no;no;no;yes;no;yes;yes;yes;4;3;3;1;1;2;0;10;9;12;no;0;8;8;0
276;GP;F;18;R;GT3;T;2;2;at_home;other;course;mother;2;4;0;no;no;no;yes;yes;yes;no;no;4;4;4;1;1;4;6;14;13;14;no;0;10;9;0
277;GP;F;17;U;GT3;T;3;4;services;other;course;mother;1;3;0;no;no;no;no;yes;yes;yes;no;4;4;5;1;3;5;8;11;13;14;no;16;16;15;15
278;GP;F;17;U;GT3;T;3;2;other;other;home;mother;1;2;0;no;yes;no;no;yes;yes;yes;yes;4;3;2;2;3;2;0;12;13;15;yes;0;7;8;0
279;GP;F;18;U;LE3;T;3;3;services;services;home;mother;1;4;0;no;yes;no;no;yes;yes;yes;no;5;3;3;1;1;1;4;14;14;15;no;7;16;15;17
280;GP;F;17;R;GT3;A;3;2;other;other;home;mother;1;2;0;no;yes;no;no;yes;yes;yes;no;4;3;3;2;3;2;0;14;14;16;yes;4;9;10;10
281;GP;M;18;U;LE3;T;3;4;services;other;home;mother;1;2;0;no;no;no;yes;yes;yes;yes;yes;4;3;3;1;3;5;6;16;16;17;no;11;16;15;15
282;GP;F;18;U;GT3;T;2;3;at_home;other;course;mother;1;3;0;no;yes;no;no;yes;yes;yes;no;4;3;3;1;2;3;0;11;12;14;no;4;11;10;10
283;GP;F;18;U;GT3;T;3;2;other;services;other;mother;1;3;0;no;no;no;no;yes;yes;yes;yes;5;4;3;2;3;1;4;14;16;17;no;7;13;13;14
284;GP;M;18;R;GT3;T;4;3;teacher;services;course;mother;1;3;0;no;no;no;no;yes;yes;yes;yes;5;3;2;1;2;4;4;15;14;17;no;9;16;15;16
285;GP;M;18;U;GT3;T;4;3;teacher;other;course;mother;1;3;0;no;yes;no;no;yes;yes;yes;yes;5;4;5;2;3;5;0;14;13;14;yes;0;10;10;9
286;GP;F;17;U;GT3;T;4;3;health;other;reputation;mother;1;3;0;no;yes;no;yes;yes;yes;yes;yes;4;4;3;1;3;4;0;11;12;13;yes;0;13;15;15
287;MS;M;19;R;GT3;T;1;1;other;other;home;other;3;1;1;no;yes;no;no;yes;yes;yes;no;4;4;4;3;3;5;4;8;9;10;no;4;8;8;8
288;MS;F;18;U;GT3;T;3;3;services;services;course;father;1;2;0;no;yes;no;no;yes;yes;no;yes;5;3;4;1;1;5;0;10;10;10;no;0;10;9;9
289;MS;F;17;R;GT3;T;4;4;teacher;services;other;father;2;2;0;no;yes;yes;yes;yes;yes;yes;no;4;3;3;1;2;5;2;12;12;12;yes;4;12;13;13
290;MS;F;17;U;LE3;A;3;2;services;other;reputation;mother;2;2;0;no;no;no;no;yes;yes;no;yes;1;2;3;1;2;5;0;15;14;15;no;2;12;12;11
291;MS;M;18;U;LE3;T;1;1;other;services;home;father;2;1;0;no;no;no;no;no;yes;yes;yes;3;3;2;1;2;3;2;14;13;14;no;4;10;10;10
292;MS;F;18;U;LE3;T;1;1;at_home;services;course;father;2;3;0;no;no;no;no;yes;yes;yes;no;5;3;2;1;1;4;0;19;17;18;no;0;18;16;16
293;MS;F;18;U;GT3;T;3;3;services;services;other;mother;2;2;0;no;yes;no;no;yes;yes;yes;yes;4;3;2;1;3;3;6;13;12;13;no;0;11;11;10
294;MS;F;17;U;LE3;T;4;4;at_home;at_home;course;mother;1;2;0;no;yes;no;yes;yes;yes;yes;yes;2;3;4;1;1;1;4;15;14;15;yes;0;16;15;15
295;MS;F;17;R;GT3;T;1;2;other;services;course;father;2;2;0;no;no;no;no;no;yes;no;no;3;2;2;1;2;3;0;13;13;13;no;0;12;11;12
296;MS;M;18;R;GT3;T;1;3;at_home;other;course;mother;2;2;0;no;yes;yes;no;yes;yes;no;no;3;3;4;2;4;3;0;8;10;9;yes;4;10;10;10
297;MS;M;18;U;LE3;T;4;4;teacher;services;other;mother;2;3;0;no;no;no;no;yes;yes;yes;yes;4;2;2;2;2;5;0;15;16;16;yes;0;13;13;13
298;MS;F;17;R;GT3;T;1;1;other;services;reputation;mother;3;1;1;no;yes;no;no;yes;yes;yes;yes;5;2;1;1;2;1;0;8;8;9;yes;0;7;6;0
299;MS;F;18;U;GT3;T;2;3;at_home;services;course;father;2;1;0;no;yes;no;no;yes;yes;yes;yes;5;2;3;1;2;4;0;10;10;10;yes;0;11;10;10
300;MS;F;18;R;GT3;T;4;4;other;teacher;other;father;3;2;0;no;yes;no;no;no;yes;yes;yes;3;2;2;4;2;5;0;7;5;0;yes;10;14;12;11
301;MS;M;18;R;LE3;T;1;2;at_home;services;other;father;3;1;0;no;yes;no;yes;yes;no;yes;yes;4;3;3;2;3;3;3;9;10;10;yes;3;14;12;12
302;MS;F;17;U;GT3;T;2;2;other;at_home;home;mother;1;3;0;no;no;no;yes;yes;yes;no;yes;3;4;3;1;1;3;8;10;11;12;no;8;13;11;11
303;MS;F;17;R;GT3;T;1;2;other;other;course;mother;1;1;0;no;no;no;yes;yes;yes;yes;no;3;5;5;1;3;1;4;7;8;9;no;14;6;5;5
304;MS;F;18;R;LE3;T;4;4;other;other;reputation;mother;2;3;0;no;no;no;no;yes;yes;yes;no;5;4;4;1;1;1;0;15;17;17;no;0;19;18;19
305;MS;F;18;R;GT3;T;1;1;other;other;home;mother;4;3;0;no;no;no;no;yes;yes;yes;no;4;3;2;1;2;4;4;10;11;12;no;2;8;8;10
306;MS;F;18;R;LE3;T;4;4;teacher;services;course;mother;1;2;0;no;no;no;yes;yes;yes;yes;no;5;4;3;3;4;2;1;13;14;14;yes;4;8;9;10
307;MS;F;18;U;GT3;T;3;3;other;other;home;mother;1;2;0;no;no;no;no;yes;yes;yes;yes;4;1;3;1;2;1;1;16;16;16;yes;0;15;15;15
308;MS;F;17;R;GT3;T;3;1;at_home;other;reputation;mother;1;2;0;no;yes;no;yes;no;yes;yes;no;4;5;4;2;3;1;10;8;9;9;yes;17;10;10;10
309;MS;M;18;U;GT3;T;4;4;teacher;teacher;home;father;1;2;0;no;no;no;yes;no;yes;yes;no;3;2;4;1;4;2;4;17;18;19;yes;4;15;14;14
310;MS;M;18;R;GT3;T;2;1;other;other;other;mother;2;1;0;no;no;no;yes;no;yes;yes;yes;4;4;3;1;3;5;0;7;7;0;no;5;7;6;7
311;MS;M;17;U;GT3;T;2;3;other;services;home;father;2;2;0;no;no;no;yes;yes;yes;yes;no;4;4;3;1;1;3;4;14;15;16;no;2;11;11;10
312;MS;M;19;R;GT3;T;1;1;other;services;other;mother;2;1;1;no;no;no;no;yes;yes;no;no;4;3;2;1;3;5;0;5;8;0;no;0;6;5;0
313;MS;M;18;R;GT3;T;4;2;other;other;home;father;2;1;1;no;no;yes;no;yes;yes;no;no;5;4;3;4;3;3;0;7;7;0;yes;14;6;5;5
314;MS;F;18;R;GT3;T;2;2;at_home;other;other;mother;2;3;0;no;no;no;no;yes;yes;no;no;5;3;3;1;3;4;0;14;17;15;yes;2;10;9;10
315;MS;F;18;R;GT3;T;4;4;teacher;at_home;reputation;mother;3;1;0;no;yes;no;yes;yes;yes;yes;yes;4;4;3;2;2;5;4;7;9;10;yes;7;6;5;6
316;MS;F;19;R;GT3;T;2;3;services;other;course;mother;1;3;1;no;no;no;yes;no;yes;yes;no;5;4;2;1;2;5;4;10;11;10;no;0;7;5;0
317;MS;F;18;U;LE3;T;3;1;teacher;services;course;mother;1;2;0;no;yes;no;no;yes;yes;yes;no;4;3;4;1;1;1;4;15;15;16;yes;0;7;9;8
318;MS;M;17;U;LE3;T;3;1;services;services;course;mother;2;1;0;no;no;no;no;no;yes;yes;no;2;4;5;3;4;2;6;10;10;10;no;3;14;16;16
319;MS;M;18;R;LE3;T;3;2;services;other;course;mother;3;1;0;no;no;no;no;no;yes;yes;no;4;4;1;3;4;5;4;10;11;11;no;0;11;12;10
